0:58,00
1:54,28
2:46,74
3:44,10
4:41,00
5:42,13
6:43,51
7:42,07
8:27,32
9:6,33
10:-0,73
11:-43,43
12:-99,65
13:-106,27
14:-123,18
15:-84,96
16:-30,23
17:0,21
18:29,61
19:62,51
20:63,69
21:55,50
22:48,55
23:38,21
0:25,25
1:20,37
2:16,84
3:15,31
4:14,87
5:24,14
6:50,08
7:61,41
8:57,78
9:31,45
10:14,12
11:11,46
12:12,41
13:3,07
14:-0,01
15:0,09
16:5,17
17:37,04
18:52,28
19:63,48
20:74,30
21:76,66
22:67,04
23:60,74
0:53,48
1:55,00
2:50,97
3:47,00
4:39,11
5:43,77
6:54,35
7:65,98
8:68,26
9:66,74
10:50,80
11:46,96
12:40,11
13:38,66
14:39,64
15:37,44
16:36,15
17:40,46
18:51,00
19:64,60
20:72,30
21:90,00
22:73,18
23:71,63
0:74,91
1:59,21
2:51,76
3:47,17
4:45,98
5:51,91
6:50,57
7:53,28
8:58,55
9:58,54
10:41,17
11:31,14
12:24,80
13:14,47
14:13,33
15:26,10
16:45,53
17:77,60
18:82,20
19:90,64
20:102,87
21:70,00
22:80,57
23:84,66
0:94,59
1:89,58
2:87,40
3:85,01
4:83,60
5:87,21
6:79,60
7:54,17
8:41,06
9:26,15
10:8,81
11:0,44
12:0,00
13:-0,04
14:-0,97
15:-0,10
16:0,00
17:32,00
18:89,66
19:99,38
20:116,30
21:111,50
22:102,82
23:91,39
0:82,86
1:80,57
2:81,76
3:81,18
4:73,23
5:71,90
6:108,87
7:122,00
8:101,49
9:89,25
10:82,44
11:78,73
12:80,00
13:77,25
14:76,80
15:82,40
16:70,00
17:90,60
18:109,71
19:119,10
20:104,00
21:108,40
22:94,12
23:84,42
0:81,73
1:79,24
2:76,69
3:80,54
4:80,69
5:74,29
6:85,14
7:107,86
8:112,66
9:91,75
10:83,54
11:71,70
12:65,34
13:57,80
14:52,12
15:55,65
16:52,89
17:60,32
18:79,37
19:88,93
20:93,59
21:108,21
22:91,62
23:81,27
0:85,44
1:82,48
2:82,20
3:74,38
4:60,57
5:46,21
6:91,90
7:105,60
8:112,02
9:94,47
10:87,20
11:81,31
12:62,92
13:58,73
14:32,77
15:56,71
16:32,03
17:36,59
18:46,13
19:87,36
20:122,40
21:117,80
22:90,02
23:89,60
0:74,74
1:74,26
2:74,74
3:66,15
4:42,95
5:43,18
6:60,67
7:72,91
8:41,90
9:23,54
10:5,55
11:-0,08
12:-0,44
13:-0,94
14:-1,59
15:-0,46
16:1,09
17:27,97
18:39,64
19:65,00
20:84,83
21:83,93
22:67,57
23:77,76
0:86,33
1:80,13
2:78,21
3:74,41
4:75,26
5:68,21
6:54,31
7:61,66
8:76,76
9:39,20
10:15,43
11:3,02
12:0,71
13:0,22
14:0,20
15:8,36
16:27,17
17:36,93
18:44,68
19:61,85
20:95,12
21:92,03
22:79,56
23:65,64
0:55,60
1:45,88
2:43,20
3:49,07
4:41,97
5:41,67
6:50,90
7:37,20
8:28,57
9:6,55
10:0,00
11:-10,58
12:-20,36
13:-30,00
14:-26,97
15:-13,28
16:-0,41
17:13,15
18:34,34
19:43,76
20:66,47
21:54,44
22:54,89
23:51,20
0:46,80
1:32,08
2:31,69
3:26,26
4:24,55
5:20,88
6:17,61
7:4,79
8:2,35
9:-2,79
10:-24,93
11:-111,07
12:-119,86
13:-138,76
14:-134,89
15:-85,56
16:-29,02
17:-0,74
18:22,42
19:50,96
20:79,05
21:60,43
22:47,62
23:38,22
0:27,51
1:26,44
2:26,08
3:25,11
4:27,56
5:41,60
6:56,80
7:77,60
8:85,75
9:45,32
10:11,70
11:0,24
12:-1,22
13:-1,01
14:-1,10
15:0,13
16:1,69
17:70,14
18:100,68
19:132,40
20:135,90
21:102,77
22:90,00
23:65,55
0:65,30
1:57,90
2:47,50
3:45,40
4:40,45
5:20,70
6:59,70
7:42,24
8:42,78
9:6,25
10:-1,37
11:-4,43
12:-25,06
13:-25,33
14:-27,54
15:-9,31
16:-1,75
17:2,82
18:63,78
19:109,00
20:130,14
21:104,66
22:67,85
23:59,00
0:57,80
1:48,18
2:48,99
3:46,95
4:46,46
5:53,22
6:71,76
7:74,98
8:70,22
9:40,34
10:9,78
11:11,51
12:9,25
13:7,85
14:7,32
15:7,21
16:8,66
17:46,87
18:72,50
19:102,21
20:119,00
21:107,28
22:73,39
23:62,34
0:68,41
1:59,39
2:50,11
3:64,98
4:49,29
5:52,73
6:81,07
7:82,43
8:83,63
9:70,54
10:32,62
11:11,04
12:6,48
13:1,36
14:2,42
15:4,06
16:25,77
17:54,85
18:68,90
19:89,21
20:111,23
21:96,70
22:83,09
23:70,82
0:79,25
1:64,99
2:64,37
3:63,71
4:65,42
5:64,78
6:86,40
7:99,23
8:95,61
9:77,78
10:64,14
11:53,39
12:38,23
13:29,32
14:33,35
15:38,72
16:54,80
17:65,00
18:97,72
19:101,52
20:101,58
21:103,62
22:90,15
23:83,75
0:72,92
1:63,61
2:58,11
3:55,54
4:53,66
5:59,44
6:60,07
7:60,25
8:54,59
9:39,58
10:9,43
11:0,71
12:-0,02
13:-1,28
14:-2,76
15:-1,86
16:-0,02
17:37,48
18:61,95
19:58,66
20:72,52
21:62,74
22:83,84
23:86,86
0:90,00
1:60,22
2:66,26
3:64,15
4:59,01
5:55,00
6:55,29
7:55,97
8:50,82
9:6,13
10:-1,19
11:-18,95
12:-25,45
13:-34,32
14:-35,96
15:-24,43
16:-7,50
17:-0,11
18:25,59
19:42,75
20:57,61
21:62,56
22:61,93
23:60,26
0:68,30
1:64,22
2:39,36
3:35,40
4:36,71
5:42,37
6:44,71
7:47,50
8:44,20
9:25,53
10:12,87
11:6,98
12:2,62
13:0,36
14:0,12
15:-0,15
16:5,56
17:48,89
18:38,92
19:60,83
20:74,66
21:75,00
22:73,08
23:80,00
0:92,47
1:80,00
2:60,83
3:62,07
4:67,86
5:81,22
6:82,84
7:94,51
8:85,17
9:71,94
10:57,72
11:45,53
12:26,83
13:28,06
14:51,43
15:54,17
16:61,55
17:70,83
18:99,30
19:109,40
20:109,80
21:93,05
22:85,49
23:73,24
0:71,82
1:82,12
2:75,97
3:66,95
4:74,25
5:70,09
6:52,54
7:75,76
8:87,20
9:71,16
10:59,11
11:54,61
12:20,82
13:14,58
14:-20,00
15:-15,25
16:-3,29
17:27,48
18:52,35
19:65,99
20:90,00
21:68,81
22:78,70
23:70,75
0:61,19
1:49,92
2:36,49
3:43,27
4:36,46
5:47,39
6:56,40
7:91,34
8:88,07
9:73,13
10:58,38
11:58,00
12:48,38
13:42,91
14:50,69
15:57,50
16:65,66
17:56,72
18:67,34
19:97,68
20:107,75
21:114,26
22:109,02
23:95,22
0:94,93
1:86,18
2:84,00
3:87,30
4:92,10
5:92,10
6:103,49
7:114,74
8:108,67
9:99,29
10:88,37
11:80,61
12:79,79
13:77,20
14:76,70
15:81,25
16:84,11
17:94,26
18:105,75
19:118,66
20:117,27
21:115,86
22:109,67
23:99,84
0:94,88
1:90,27
2:90,29
3:89,66
4:89,55
5:79,53
6:80,45
7:81,16
8:70,79
9:69,18
10:47,30
11:9,34
12:3,24
13:0,04
14:0,00
15:0,02
16:12,04
17:58,26
18:79,37
19:94,57
20:92,71
21:113,80
22:100,00
23:94,57
0:112,00
1:76,00
2:77,30
3:65,10
4:67,00
5:66,00
6:55,24
7:50,59
8:13,25
9:0,02
10:0,00
11:-0,09
12:-2,12
13:-10,64
14:-23,85
15:-9,90
16:-0,60
17:29,72
18:49,59
19:87,50
20:80,00
21:98,80
22:91,50
23:87,50
0:64,94
1:64,96
2:64,02
3:63,97
4:65,77
5:71,40
6:86,38
7:99,38
8:93,55
9:81,88
10:74,74
11:71,72
12:65,71
13:62,15
14:60,39
15:61,88
16:65,07
17:77,75
18:93,27
19:124,65
20:147,15
21:123,48
22:104,13
23:86,11
0:80,65
1:90,00
2:71,16
3:82,00
4:84,50
5:70,00
6:83,98
7:96,26
8:86,85
9:72,72
10:61,29
11:51,62
12:45,47
13:41,15
14:41,26
15:48,87
16:54,39
17:65,46
18:78,62
19:69,62
20:76,17
21:96,44
22:83,76
23:73,70
0:65,41
1:50,96
2:46,72
3:41,35
4:38,49
5:40,71
6:59,94
7:76,93
8:81,60
9:61,31
10:54,82
11:47,91
12:45,56
13:45,51
14:45,03
15:50,42
16:56,93
17:50,51
18:78,00
19:92,01
20:80,74
21:97,97
22:90,17
23:104,64
0:79,08
1:73,67
2:53,88
3:61,93
4:44,62
5:43,02
6:65,00
7:90,28
8:82,41
9:76,77
10:65,45
11:59,96
12:53,06
13:45,90
14:46,41
15:49,76
16:61,41
17:65,91
18:83,77
19:106,00
20:122,55
21:113,90
22:92,12
23:83,42
0:50,98
1:53,17
2:33,02
3:53,17
4:55,27
5:36,73
6:52,00
7:82,21
8:81,30
9:75,90
10:69,28
11:65,27
12:56,11
13:50,42
14:46,52
15:42,99
16:46,30
17:57,84
18:69,78
19:82,22
20:81,69
21:69,88
22:72,10
23:64,23
0:56,82
1:56,35
2:34,39
3:50,77
4:29,48
5:31,95
6:32,12
7:34,15
8:53,41
9:45,31
10:33,11
11:29,46
12:14,94
13:5,18
14:-0,07
15:-0,21
16:8,92
17:36,60
18:47,69
19:56,34
20:56,68
21:53,84
22:55,53
23:51,52
0:29,17
1:21,39
2:11,66
3:5,66
4:8,80
5:5,20
6:4,91
7:4,11
8:0,97
9:-0,02
10:-3,27
11:-7,94
12:-14,00
13:-27,46
14:-40,61
15:-76,89
16:-20,00
17:-1,17
18:9,72
19:49,58
20:63,44
21:91,46
22:85,82
23:78,30
0:75,58
1:70,36
2:75,38
3:67,08
4:64,49
5:72,87
6:99,93
7:140,01
8:129,42
9:99,42
10:77,50
11:68,40
12:60,53
13:53,72
14:48,00
15:50,49
16:55,27
17:77,80
18:100,68
19:138,30
20:167,56
21:155,38
22:125,48
23:99,58
0:104,55
1:96,28
2:89,49
3:78,00
4:73,33
5:87,70
6:135,89
7:142,98
8:132,15
9:105,10
10:85,21
11:66,71
12:57,50
13:42,91
14:30,94
15:33,40
16:42,77
17:53,93
18:83,49
19:116,10
20:142,59
21:104,18
22:89,75
23:67,02
0:58,09
1:46,04
2:46,64
3:47,35
4:49,24
5:64,83
6:84,71
7:108,88
8:91,41
9:67,16
10:48,88
11:42,14
12:33,36
13:21,08
14:17,93
15:22,85
16:43,05
17:60,25
18:87,49
19:113,28
20:132,29
21:137,07
22:125,90
23:102,38
0:83,63
1:75,10
2:71,47
3:68,21
4:75,12
5:81,70
6:105,02
7:111,56
8:93,17
9:70,87
10:57,80
11:30,34
12:25,52
13:19,80
14:19,20
15:28,21
16:49,57
17:71,40
18:90,16
19:108,77
20:138,83
21:139,40
22:117,91
23:97,22
0:95,44
1:91,07
2:90,69
3:91,47
4:92,56
5:82,00
6:87,83
7:102,43
8:95,67
9:76,68
10:57,26
11:41,39
12:33,91
13:25,36
14:17,83
15:16,20
16:27,29
17:57,13
18:78,33
19:111,05
20:119,55
21:119,69
22:108,24
23:87,87
0:91,48
1:76,10
2:68,74
3:66,15
4:59,76
5:61,44
6:62,06
7:48,35
8:36,52
9:12,54
10:0,06
11:-2,23
12:-9,79
13:-22,77
14:-29,07
15:-19,80
16:-7,13
17:2,76
18:43,31
19:64,54
20:89,00
21:103,30
22:112,79
23:86,23
0:65,97
1:51,58
2:34,61
3:15,08
4:17,00
5:12,72
6:9,51
7:3,34
8:0,07
9:-1,95
10:-7,43
11:-15,79
12:-46,28
13:-58,97
14:-53,99
15:-28,64
16:-5,21
17:1,03
18:38,68
19:82,07
20:94,57
21:126,81
22:121,51
23:95,59
0:76,60
1:61,35
2:53,67
3:57,50
4:54,12
5:56,95
6:63,82
7:135,38
8:123,18
9:117,40
10:82,96
11:77,77
12:68,26
13:47,27
14:35,21
15:33,77
16:36,28
17:42,16
18:60,99
19:80,69
20:75,77
21:72,31
22:87,09
23:76,21
0:60,93
1:57,56
2:60,06
3:48,79
4:45,96
5:57,65
6:63,94
7:87,76
8:85,85
9:68,23
10:48,17
11:34,24
12:14,91
13:3,27
14:2,16
15:3,86
16:14,00
17:50,86
18:62,88
19:88,22
20:101,61
21:109,54
22:96,25
23:84,16
0:67,79
1:72,00
2:79,81
3:65,00
4:69,69
5:78,47
6:96,00
7:112,63
8:98,70
9:65,06
10:50,57
11:45,47
12:34,00
13:36,52
14:36,67
15:36,64
16:48,84
17:66,14
18:83,00
19:109,80
20:115,84
21:122,91
22:110,02
23:98,22
0:98,98
1:70,39
2:67,80
3:54,73
4:50,14
5:62,95
6:81,60
7:95,58
8:98,07
9:68,25
10:50,06
11:44,88
12:38,78
13:34,14
14:31,61
15:39,72
16:35,23
17:39,65
18:81,25
19:110,66
20:106,65
21:122,36
22:94,19
23:76,70
0:58,74
1:48,34
2:44,15
3:42,65
4:39,99
5:43,25
6:60,37
7:84,36
8:91,50
9:85,08
10:61,80
11:52,25
12:44,47
13:33,99
14:29,00
15:29,20
16:39,46
17:52,22
18:64,64
19:91,33
20:128,57
21:123,52
22:97,91
23:64,19
0:110,00
1:92,08
2:77,72
3:28,24
4:-21,40
5:-10,42
6:1,54
7:0,09
8:0,00
9:-0,06
10:-10,08
11:-28,95
12:-44,82
13:-65,47
14:-80,02
15:-56,10
16:-28,89
17:-3,77
18:0,00
19:14,82
20:38,38
21:39,20
22:53,60
23:41,04
0:26,04
1:10,93
2:6,00
3:4,01
4:3,02
5:2,96
6:3,51
7:0,47
8:-0,02
9:-1,27
10:-10,00
11:-13,34
12:-20,01
13:-30,01
14:-35,68
15:-29,04
16:-9,86
17:-1,32
18:25,60
19:45,18
20:55,90
21:69,47
22:73,14
23:65,00
0:64,39
1:56,70
2:44,21
3:47,25
4:39,79
5:55,79
6:59,79
7:81,90
8:120,70
9:85,23
10:65,00
11:40,27
12:32,24
13:30,69
14:33,92
15:39,73
16:46,42
17:67,55
18:90,28
19:123,70
20:156,10
21:140,00
22:115,00
23:105,50
0:81,14
1:80,05
2:86,80
3:80,24
4:83,06
5:93,97
6:100,14
7:103,95
8:84,99
9:91,24
10:88,74
11:78,89
12:79,15
13:97,76
14:106,94
15:103,05
16:102,36
17:98,00
18:100,01
19:129,24
20:133,36
21:96,18
22:87,93
23:82,12
0:100,05
1:88,02
2:74,46
3:70,71
4:68,95
5:70,70
6:95,04
7:109,50
8:102,50
9:78,40
10:66,11
11:60,20
12:52,57
13:38,14
14:22,34
15:13,20
16:24,21
17:60,29
18:74,04
19:97,77
20:102,73
21:119,37
22:109,66
23:93,34
0:86,08
1:83,79
2:78,80
3:79,10
4:87,70
5:88,85
6:109,06
7:112,46
8:103,00
9:81,38
10:70,64
11:61,11
12:57,92
13:56,32
14:59,56
15:66,83
16:73,84
17:83,00
18:100,99
19:124,30
20:143,00
21:128,31
22:112,95
23:95,46
0:101,09
1:90,96
2:89,95
3:87,19
4:83,22
5:84,78
6:95,51
7:119,45
8:120,17
9:111,95
10:100,76
11:89,89
12:75,23
13:75,36
14:70,28
15:68,47
16:71,64
17:85,46
18:91,72
19:103,24
20:109,43
21:105,14
22:96,26
23:82,76
0:80,86
1:70,19
2:61,14
3:50,16
4:49,24
5:46,20
6:56,18
7:48,56
8:42,79
9:34,65
10:12,54
11:3,59
12:2,66
13:0,03
14:-0,01
15:0,36
16:4,74
17:35,40
18:71,52
19:104,22
20:95,32
21:102,50
22:112,00
23:91,90
0:102,30
1:83,84
2:93,22
3:78,70
4:81,00
5:83,04
6:79,70
7:49,64
8:16,73
9:4,24
10:0,00
11:-0,05
12:-0,10
13:-1,02
14:-2,20
15:-2,03
16:-0,19
17:16,58
18:58,23
19:86,07
20:90,54
21:124,00
22:120,90
23:92,04
0:81,99
1:80,00
2:79,50
3:64,76
4:70,40
5:81,33
6:96,99
7:96,35
8:95,23
9:69,82
10:48,14
11:31,82
12:31,01
13:25,85
14:20,86
15:14,19
16:41,12
17:62,76
18:89,52
19:130,60
20:139,49
21:133,04
22:114,86
23:91,64
0:88,80
1:84,80
2:84,78
3:85,22
4:85,50
5:94,90
6:114,80
7:122,00
8:103,80
9:74,64
10:35,69
11:12,83
12:-9,10
13:-20,00
14:-12,89
15:9,50
16:25,00
17:35,02
18:78,90
19:107,74
20:125,89
21:122,09
22:106,57
23:89,95
0:115,60
1:101,88
2:99,00
3:106,80
4:115,00
5:99,50
6:126,00
7:132,84
8:126,46
9:109,94
10:59,60
11:-60,00
12:-142,00
13:-155,00
14:-144,00
15:0,00
16:79,40
17:97,12
18:106,41
19:141,33
20:131,40
21:205,00
22:162,00
23:138,20
0:96,00
1:86,91
2:80,53
3:71,80
4:67,89
5:71,60
6:93,44
7:116,98
8:115,00
9:88,89
10:67,51
11:52,27
12:37,28
13:22,13
14:13,19
15:0,00
16:18,07
17:38,25
18:67,70
19:87,77
20:122,74
21:115,43
22:102,06
23:86,16
0:52,72
1:51,08
2:44,32
3:40,20
4:39,71
5:42,25
6:55,55
7:58,33
8:59,38
9:21,01
10:-3,58
11:-9,93
12:-10,00
13:-7,98
14:-10,52
15:-7,08
16:-2,90
17:5,99
18:46,02
19:87,32
20:101,29
21:120,51
22:119,31
23:106,83
0:86,68
1:71,85
2:67,86
3:69,93
4:62,89
5:62,53
6:57,86
7:50,00
8:47,36
9:29,58
10:5,04
11:0,04
12:-0,01
13:-0,22
14:-0,07
15:1,40
16:12,26
17:50,31
18:68,80
19:85,91
20:93,05
21:75,17
22:79,80
23:73,56
0:91,26
1:86,09
2:84,23
3:85,57
4:84,18
5:79,30
6:86,18
7:86,71
8:111,00
9:0,00
10:-3,00
11:-40,10
12:-139,52
13:-159,38
14:-118,09
15:-49,99
16:-5,17
17:45,75
18:100,20
19:127,80
20:162,32
21:126,70
22:110,74
23:96,30
0:104,80
1:114,86
2:104,77
3:84,57
4:75,60
5:68,29
6:94,34
7:103,90
8:108,90
9:109,94
10:0,85
11:-0,01
12:-0,80
13:-3,00
14:-4,00
15:-0,08
16:0,30
17:57,44
18:93,36
19:100,05
20:111,24
21:116,33
22:101,85
23:91,44
0:91,90
1:86,84
2:86,50
3:90,56
4:93,90
5:95,81
6:100,63
7:96,50
8:98,00
9:13,53
10:0,01
11:-0,01
12:-1,16
13:-3,04
14:-2,69
15:-0,03
16:0,00
17:25,40
18:55,71
19:72,82
20:84,70
21:84,69
22:80,37
23:68,83
0:57,67
1:41,91
2:30,33
3:20,57
4:19,24
5:15,58
6:13,62
7:7,83
8:2,93
9:0,00
10:-0,01
11:-0,01
12:-0,02
13:-2,00
14:-5,01
15:-1,59
16:-0,01
17:8,05
18:69,95
19:87,46
20:95,20
21:110,08
22:103,29
23:85,00
0:84,00
1:74,40
2:81,24
3:85,16
4:81,21
5:88,27
6:115,89
7:114,51
8:94,22
9:72,54
10:61,80
11:47,14
12:-9,56
13:0,00
14:-14,72
15:0,40
16:16,16
17:66,93
18:75,30
19:97,06
20:119,27
21:117,42
22:100,00
23:87,18
0:58,51
1:67,57
2:76,82
3:76,90
4:79,68
5:70,00
6:85,00
7:122,88
8:103,71
9:77,78
10:55,53
11:44,88
12:33,52
13:27,95
14:33,44
15:48,26
16:54,77
17:67,51
18:79,90
19:112,81
20:136,61
21:126,22
22:112,58
23:99,97
0:85,59
1:80,08
2:79,51
3:82,83
4:95,00
5:102,53
6:131,68
7:132,23
8:129,20
9:95,43
10:76,36
11:60,00
12:49,98
13:48,72
14:51,70
15:58,65
16:64,00
17:73,74
18:91,79
19:111,02
20:125,00
21:120,80
22:103,94
23:91,12
0:89,17
1:85,25
2:85,04
3:85,52
4:93,75
5:106,37
6:121,13
7:130,00
8:127,59
9:93,46
10:77,66
11:56,02
12:46,00
13:41,63
14:46,49
15:55,31
16:65,81
17:70,55
18:84,70
19:117,00
20:128,00
21:117,40
22:108,49
23:100,14
0:101,66
1:88,28
2:85,85
3:87,04
4:92,90
5:88,33
6:140,87
7:121,00
8:100,61
9:75,29
10:41,33
11:0,22
12:-0,37
13:-0,02
14:-0,01
15:0,06
16:40,47
17:61,75
18:55,54
19:80,00
20:114,29
21:122,50
22:104,80
23:96,40
0:114,26
1:94,00
2:90,09
3:93,31
4:98,90
5:97,95
6:95,47
7:94,63
8:61,61
9:7,70
10:-0,07
11:-22,97
12:-83,73
13:-140,77
14:-110,81
15:-49,49
16:-5,88
17:17,84
18:75,63
19:96,52
20:131,25
21:105,80
22:99,96
23:87,46
0:101,25
1:87,47
2:88,30
3:86,74
4:86,40
5:86,26
6:79,46
7:60,07
8:4,96
9:-0,10
10:-12,01
11:-86,91
12:-450,00
13:-462,33
14:-378,67
15:-110,00
16:-18,47
17:-0,11
18:69,35
19:108,28
20:127,00
21:120,00
22:93,32
23:80,39
0:79,15
1:74,83
2:74,73
3:75,06
4:77,73
5:86,00
6:109,80
7:114,85
8:106,21
9:58,02
10:4,73
11:-0,01
12:-0,10
13:-30,00
14:-4,00
15:-0,02
16:-1,64
17:57,23
18:85,61
19:119,81
20:117,72
21:119,06
22:101,98
23:87,99
0:84,22
1:80,30
2:81,92
3:89,94
4:92,25
5:92,88
6:113,94
7:122,05
8:104,45
9:72,76
10:16,25
11:-0,82
12:2,29
13:-26,44
14:-7,30
15:-3,23
16:0,63
17:64,06
18:90,07
19:125,00
20:149,34
21:138,89
22:112,30
23:95,96
0:92,56
1:83,08
2:80,66
3:80,81
4:91,82
5:102,22
6:106,79
7:120,00
8:104,85
9:66,34
10:0,25
11:-0,02
12:-27,77
13:-56,03
14:-60,43
15:-22,21
16:-1,41
17:29,14
18:78,74
19:100,04
20:124,86
21:110,73
22:109,22
23:91,67
0:97,51
1:87,70
2:77,81
3:76,97
4:81,00
5:92,36
6:102,70
7:112,00
8:124,46
9:114,01
10:13,07
11:2,43
12:3,85
13:15,69
14:15,77
15:-0,02
16:-0,23
17:1,27
18:62,12
19:89,75
20:99,35
21:124,34
22:120,74
23:101,35
0:98,03
1:91,90
2:83,36
3:88,38
4:92,27
5:118,76
6:118,42
7:121,17
8:119,85
9:60,92
10:7,62
11:-0,33
12:-2,67
13:-11,64
14:-24,89
15:-18,46
16:-4,05
17:53,98
18:79,07
19:91,90
20:94,91
21:126,00
22:123,80
23:110,60
0:96,00
1:101,48
2:99,85
3:95,88
4:94,51
5:86,27
6:95,57
7:98,08
8:54,02
9:0,63
10:-0,05
11:-4,11
12:-4,88
13:-10,02
14:-11,26
15:-5,78
16:-1,31
17:4,46
18:61,38
19:100,00
20:108,77
21:151,17
22:137,19
23:95,81
0:109,80
1:105,00
2:102,30
3:101,07
4:102,16
5:101,22
6:96,00
7:91,00
8:109,00
9:23,54
10:0,03
11:-0,20
12:-2,00
13:-7,37
14:-15,00
15:-8,97
16:-0,20
17:8,05
18:82,61
19:88,14
20:110,60
21:128,87
22:114,60
23:98,67
0:115,00
1:98,07
2:93,56
3:89,95
4:84,81
5:96,90
6:128,47
7:123,60
8:123,60
9:88,86
10:59,31
11:26,65
12:12,77
13:5,00
14:8,00
15:24,54
16:59,90
17:81,23
18:97,90
19:118,00
20:135,70
21:127,95
22:107,67
23:94,21
0:104,21
1:100,19
2:93,76
3:90,96
4:82,41
5:95,83
6:132,25
7:124,30
8:128,51
9:102,81
10:52,58
11:15,95
12:1,00
13:0,85
14:0,87
15:7,62
16:50,68
17:77,27
18:90,10
19:115,46
20:150,53
21:124,80
22:103,22
23:89,05
0:110,00
1:102,33
2:97,90
3:94,90
4:93,70
5:95,00
6:128,46
7:113,26
8:133,00
9:128,80
10:112,50
11:81,00
12:60,00
13:48,18
14:40,00
15:45,45
16:60,20
17:87,37
18:86,32
19:132,48
20:142,33
21:149,00
22:137,00
23:114,90
0:92,07
1:82,77
2:85,70
3:78,47
4:70,99
5:79,25
6:93,14
7:109,50
8:87,03
9:75,68
10:45,97
11:49,69
12:10,77
13:0,00
14:-0,01
15:-3,27
16:0,13
17:2,67
18:44,05
19:87,74
20:94,17
21:104,14
22:109,32
23:90,24
0:77,73
1:74,52
2:69,67
3:68,57
4:71,06
5:82,92
6:100,10
7:107,57
8:91,19
9:67,26
10:54,28
11:44,53
12:13,64
13:0,98
14:0,34
15:1,05
16:19,49
17:54,09
18:76,26
19:93,56
20:114,59
21:120,24
22:118,05
23:97,40
0:85,85
1:80,41
2:74,88
3:70,76
4:68,67
5:62,50
6:61,36
7:62,01
8:46,21
9:12,26
10:0,00
11:-0,06
12:-0,08
13:-0,11
14:-0,08
15:0,93
16:5,67
17:44,47
18:72,83
19:92,58
20:95,09
21:94,82
22:85,00
23:67,23
0:22,01
1:19,65
2:14,10
3:8,39
4:3,91
5:2,06
6:0,81
7:0,83
8:0,02
9:-0,32
10:-2,69
11:-7,22
12:-13,40
13:-24,21
14:-26,09
15:-21,12
16:-16,38
17:-0,04
18:7,81
19:70,65
20:83,50
21:92,80
22:88,62
23:78,08
0:75,89
1:67,27
2:57,09
3:55,54
4:59,63
5:66,95
6:93,25
7:123,23
8:103,63
9:72,04
10:8,55
11:-0,16
12:-1,00
13:-1,72
14:-1,15
15:-1,41
16:0,91
17:15,68
18:76,33
19:91,21
20:128,15
21:134,01
22:104,64
23:82,65
0:72,14
1:61,40
2:45,84
3:32,76
4:32,69
5:49,75
6:57,70
7:62,26
8:62,12
9:45,72
10:3,66
11:2,62
12:0,02
13:-0,04
14:-0,07
15:2,19
16:42,99
17:75,82
18:94,73
19:113,98
20:127,52
21:112,45
22:100,91
23:81,75
0:65,37
1:54,89
2:53,56
3:46,68
4:49,68
5:58,38
6:78,50
7:93,67
8:93,42
9:81,65
10:62,14
11:52,26
12:47,93
13:42,37
14:39,02
15:31,86
16:49,51
17:66,09
18:80,80
19:99,66
20:120,95
21:178,50
22:144,81
23:103,59
0:114,80
1:111,24
2:103,43
3:102,79
4:104,00
5:100,00
6:85,05
7:82,44
8:91,00
9:75,86
10:31,36
11:2,55
12:-0,01
13:-1,59
14:-1,71
15:-2,05
16:-1,06
17:17,35
18:52,78
19:68,32
20:76,67
21:75,79
22:77,49
23:58,37
0:46,27
1:28,88
2:33,82
3:33,95
4:37,39
5:52,24
6:66,89
7:68,38
8:53,01
9:29,13
10:1,83
11:-0,04
12:-0,47
13:-2,64
14:-3,11
15:-1,45
16:-0,02
17:7,72
18:66,98
19:107,51
20:132,83
21:145,48
22:130,19
23:108,04
0:107,00
1:96,05
2:92,06
3:89,74
4:90,00
5:88,46
6:89,60
7:88,33
8:51,98
9:1,00
10:-0,02
11:-1,00
12:-3,07
13:-13,17
14:-7,75
15:-3,00
16:-0,05
17:32,63
18:83,51
19:123,12
20:134,23
21:130,32
22:124,35
23:97,26
0:103,76
1:81,28
2:79,63
3:74,48
4:72,74
5:65,83
6:36,16
7:13,00
8:2,40
9:-0,01
10:-0,60
11:-2,11
12:-5,48
13:-12,93
14:-20,41
15:-15,61
16:-6,00
17:-0,86
18:15,09
19:64,96
20:86,08
21:98,63
22:98,73
23:77,46
0:69,47
1:65,27
2:69,10
3:70,62
4:71,23
5:74,52
6:100,05
7:107,90
8:108,68
9:80,15
10:52,62
11:33,21
12:20,00
13:12,78
14:11,00
15:19,75
16:42,05
17:63,78
18:78,99
19:105,13
20:125,65
21:184,00
22:140,00
23:104,58
0:92,36
1:84,77
2:90,36
3:74,32
4:70,61
5:78,50
6:97,57
7:88,66
8:74,66
9:29,43
10:-0,15
11:-1,86
12:-1,69
13:-2,60
14:-10,01
15:-4,68
16:-0,84
17:-7,58
18:62,17
19:87,00
20:113,86
21:99,40
22:102,29
23:92,61
0:70,01
1:61,07
2:59,32
3:59,78
4:62,36
5:72,90
6:100,74
7:112,66
8:118,30
9:137,80
10:72,40
11:45,00
12:20,34
13:9,69
14:14,06
15:28,41
16:39,55
17:69,04
18:86,37
19:86,70
20:104,60
21:107,90
22:110,40
23:99,64
0:99,41
1:82,67
2:77,41
3:76,76
4:77,45
5:77,23
6:87,30
7:110,53
8:116,60
9:111,00
10:68,42
11:45,16
12:23,90
13:10,34
14:6,56
15:18,13
16:45,00
17:67,53
18:91,86
19:104,88
20:118,56
21:118,82
22:116,06
23:85,34
0:64,32
1:50,94
2:48,36
3:45,37
4:43,89
5:45,53
6:62,77
7:65,79
8:54,97
9:4,29
10:-0,01
11:-0,14
12:-0,47
13:-3,06
14:-3,42
15:-2,55
16:-0,24
17:1,81
18:42,90
19:82,11
20:109,54
21:127,98
22:131,10
23:104,44
0:105,65
1:93,24
2:86,58
3:92,56
4:93,29
5:93,02
6:93,35
7:95,47
8:89,14
9:74,03
10:33,63
11:9,44
12:1,19
13:-0,01
14:-0,02
15:-0,02
16:-0,43
17:20,17
18:62,97
19:80,47
20:124,42
21:125,39
22:109,91
23:87,45
0:101,91
1:75,60
2:69,31
3:60,74
4:49,65
5:40,66
6:25,80
7:2,62
8:0,00
9:-0,50
10:-2,00
11:-7,84
12:-19,70
13:-39,29
14:-51,91
15:-51,31
16:-35,97
17:-10,30
18:2,57
19:39,62
20:77,00
21:130,74
22:85,52
23:70,97
0:41,00
1:32,97
2:25,87
3:24,58
4:30,39
5:40,44
6:81,60
7:75,00
8:7,44
9:0,51
10:-0,74
11:-2,87
12:-8,25
13:-17,94
14:-15,54
15:-3,92
16:-0,54
17:4,64
18:64,45
19:107,59
20:130,04
21:142,70
22:127,95
23:93,71
0:81,13
1:74,56
2:65,92
3:56,12
4:50,43
5:50,47
6:62,04
7:79,00
8:78,74
9:64,14
10:20,88
11:5,48
12:-0,02
13:1,05
14:0,41
15:0,99
16:14,22
17:67,06
18:112,50
19:124,10
20:146,00
21:143,00
22:133,72
23:124,47
0:111,76
1:113,00
2:104,39
3:84,24
4:95,87
5:90,00
6:111,31
7:119,62
8:114,20
9:106,18
10:42,45
11:1,17
12:-0,19
13:-0,60
14:-2,88
15:-1,35
16:1,91
17:62,78
18:98,49
19:108,99
20:144,69
21:138,11
22:101,75
23:88,50
0:91,10
1:84,72
2:64,80
3:67,91
4:66,19
5:65,00
6:72,27
7:67,88
8:75,20
9:36,48
10:0,00
11:-1,83
12:-13,86
13:-26,53
14:-23,38
15:-9,89
16:-1,83
17:15,98
18:81,56
19:112,55
20:132,00
21:114,18
22:106,62
23:91,37
0:84,59
1:83,42
2:87,92
3:85,85
4:86,60
5:100,00
6:104,10
7:115,15
8:107,58
9:62,52
10:16,42
11:0,29
12:-0,46
13:-0,25
14:-1,03
15:-1,30
16:0,93
17:63,10
18:110,00
19:139,68
20:135,67
21:114,00
22:97,80
23:81,01
0:88,81
1:85,44
2:86,43
3:100,43
4:92,00
5:103,77
6:98,51
7:63,81
8:15,07
9:0,00
10:-0,58
11:-4,27
12:-10,81
13:-17,12
14:-24,14
15:-6,70
16:-0,37
17:8,86
18:65,57
19:109,79
20:118,00
21:121,10
22:119,54
23:114,10
0:95,76
1:99,40
2:93,18
3:92,54
4:91,99
5:92,15
6:84,66
7:71,55
8:63,79
9:6,24
10:0,00
11:-0,02
12:-1,23
13:-5,62
14:-5,00
15:-2,00
16:-0,01
17:38,02
18:81,46
19:97,64
20:122,60
21:137,25
22:134,00
23:109,90
0:136,66
1:110,00
2:95,16
3:85,90
4:80,43
5:96,84
6:112,43
7:123,49
8:132,99
9:111,31
10:55,27
11:14,61
12:3,51
13:2,32
14:2,16
15:2,49
16:14,61
17:70,00
18:109,84
19:120,00
20:184,08
21:187,24
22:133,58
23:112,01
0:104,84
1:100,00
2:94,95
3:94,07
4:95,24
5:101,93
6:118,76
7:107,01
8:101,00
9:104,41
10:4,41
11:-0,32
12:-0,45
13:-1,79
14:-2,00
15:-1,28
16:10,59
17:82,12
18:104,55
19:120,21
20:196,84
21:190,00
22:139,71
23:116,52
0:112,55
1:106,38
2:101,38
3:95,51
4:96,31
5:102,92
6:111,85
7:115,62
8:121,08
9:105,00
10:21,79
11:1,17
12:-0,11
13:-0,36
14:-0,76
15:0,39
16:3,01
17:72,51
18:104,40
19:116,83
20:139,58
21:154,64
22:139,92
23:126,49
0:112,20
1:116,43
2:104,74
3:115,97
4:100,94
5:104,45
6:102,47
7:114,78
8:115,91
9:12,16
10:-0,40
11:-8,04
12:-11,49
13:-14,06
14:-13,99
15:-4,03
16:-1,05
17:11,02
18:89,19
19:119,18
20:141,08
21:145,62
22:130,62
23:109,88
0:108,83
1:103,83
2:99,40
3:102,47
4:86,40
5:107,91
6:117,91
7:118,58
8:111,99
9:81,65
10:23,25
11:6,74
12:2,57
13:-0,32
14:-0,05
15:0,99
16:30,36
17:88,00
18:111,40
19:131,56
20:162,49
21:167,58
22:137,05
23:121,38
0:118,53
1:110,48
2:108,15
3:106,07
4:109,50
5:104,73
6:100,71
7:90,74
8:75,93
9:23,40
10:1,21
11:-1,22
12:-13,65
13:-28,72
14:-32,06
15:-3,01
16:0,10
17:60,18
18:100,75
19:127,85
20:151,75
21:155,22
22:140,78
23:119,34
0:106,00
1:100,11
2:97,76
3:88,96
4:86,12
5:63,05
6:65,40
7:26,44
8:0,00
9:-0,09
10:-11,11
11:-30,22
12:-42,85
13:-67,12
14:-55,28
15:-28,97
16:-7,57
17:-0,09
18:54,08
19:98,19
20:120,99
21:122,27
22:120,00
23:101,63
0:62,25
1:52,76
2:50,32
3:49,73
4:55,43
5:64,03
6:73,24
7:76,32
8:69,13
9:18,64
10:1,16
11:-2,70
12:-6,68
13:-15,86
14:-26,84
15:-25,72
16:-19,10
17:-5,50
18:10,42
19:42,92
20:93,39
21:100,30
22:109,67
23:95,70
0:80,60
1:69,12
2:65,08
3:59,61
4:62,17
5:71,30
6:100,00
7:89,90
8:86,86
9:36,03
10:-0,28
11:-2,63
12:-4,81
13:-5,75
14:-4,86
15:-2,58
16:2,90
17:11,77
18:67,25
19:101,08
20:124,79
21:124,10
22:135,68
23:100,37
0:83,04
1:73,75
2:74,98
3:75,11
4:77,57
5:87,87
6:110,91
7:121,40
8:116,27
9:93,10
10:58,00
11:36,62
12:17,57
13:5,57
14:6,38
15:11,91
16:23,71
17:85,70
18:106,42
19:134,58
20:184,15
21:215,00
22:162,70
23:111,41
0:119,95
1:105,30
2:100,00
3:92,10
4:92,60
5:96,13
6:97,95
7:118,40
8:106,79
9:95,44
10:98,31
11:76,51
12:69,71
13:56,22
14:48,12
15:46,09
16:47,28
17:68,90
18:87,92
19:99,97
20:109,43
21:106,92
22:110,57
23:98,57
0:86,17
1:85,58
2:87,22
3:86,36
4:83,19
5:89,48
6:105,04
7:113,20
8:107,70
9:93,89
10:80,20
11:67,45
12:54,57
13:34,15
14:20,91
15:14,45
16:32,15
17:71,58
18:91,74
19:108,15
20:119,84
21:134,90
22:124,90
23:107,75
0:94,91
1:87,14
2:78,32
3:67,31
4:66,06
5:68,49
6:64,53
7:56,31
8:27,80
9:2,34
10:0,01
11:-0,03
12:-0,49
13:-2,30
14:-5,00
15:-2,08
16:0,26
17:4,90
18:62,67
19:95,31
20:109,28
21:112,48
22:118,42
23:103,50
0:95,07
1:89,42
2:89,66
3:86,82
4:85,48
5:85,30
6:86,46
7:74,91
8:47,50
9:4,05
10:0,00
11:-0,29
12:-10,29
13:-30,23
14:-35,19
15:-11,42
16:-1,08
17:11,58
18:78,47
19:102,14
20:111,98
21:118,07
22:113,73
23:101,00
